2.009889783012053677e+00,-6.634355620669479592e+00
5.793241618073237120e-01,6.383501719505733085e+00
-1.266820549852778477e+00,-3.020144422159041753e+01
-2.742290575834731570e+00,-1.498045542169193993e+02
2.841926370637285260e+00,1.737412024730891069e-01
5.788302243881302545e-01,2.432134596229793111e+00
1.741578986512327454e+00,-7.764807152697351000e+00
2.462036287772717102e+00,1.286985543610174254e+00
1.128926685550471376e+00,-4.365470051130575513e+00
-1.860051159673661081e+00,-6.344981172628596511e+01
2.888873883763598549e+00,3.168869764392700628e+00
-1.291559699894108570e+00,-2.859009307544859624e+01
7.756390184943011690e-01,-2.557725270175482013e+00
4.862188726821390361e-01,-4.874586710929517785e+00
5.994736387936372424e-01,-5.524102501838245693e+00
2.114886321699041005e-01,-5.574116087680835996e-02
2.974662625311308872e+00,8.653859068238809016e+00
1.167650818155596681e-02,3.363624713725452242e+00
1.626135458415045143e+00,-3.986442155347830862e+00
-3.502932823014237584e-02,2.848962955823640009e+00
2.986046959033137327e+00,5.686495933463765695e+00
2.871731528217356555e+00,2.588526645825401928e+00
-6.385917301998023099e-01,-6.406810227212194953e+00
-1.068448423246769918e+00,-1.620468229874771282e+01
2.173083906715497449e+00,-1.243086451586394858e+00
1.795949372213696549e+00,-4.469389651843002298e+00
1.148583796289992520e+00,-6.835261268230035547e+00
-5.488928900504248531e-01,-7.949314022770628263e+00
-6.614092039429193548e-01,-1.561920515550636779e+01
-2.210109626440460495e+00,-8.902827114230950656e+01
7.529849265213850451e-01,-6.877957306301027973e-01
-2.505591777368102235e+00,-1.184155350881954121e+02
-1.352562067802798973e+00,-2.836089981073266131e+01
9.367021627357599023e-01,-2.046208422949166383e+00
-2.911943818287659802e+00,-1.713362613421226683e+02
2.007193031897183566e+00,-6.034443024135200062e+00
-2.565605531709246989e+00,-1.336150569233392105e+02
1.447249398050862723e-01,1.934631407922848156e+00
2.793030931825439822e-01,1.365537938730457590e+00
-1.636518224199126070e+00,-4.738326513983989230e+01
2.735869297973567704e+00,5.254674568183752115e+00
-9.542168950497966762e-01,-1.918488676137830851e+01
2.824464424367434390e-02,-4.360410096622501896e+00
2.204301669303561084e+00,-2.544813149403086783e+00
9.417176988027726736e-01,2.064505201300931070e+00
-6.916655531574891214e-01,-7.232218054229532456e+00
-2.422365552818935619e+00,-1.129830343514742168e+02
2.734833742225580622e+00,1.248988455563565303e+00
5.374028034981250812e-01,1.128919465546194711e+00
4.929773547225382302e-01,9.210356434939476200e-01
5.828716321948386181e-01,-6.362248662154520451e-01
-2.106756400461290646e+00,-7.917928704666141471e+01
3.602917712042494891e-01,-8.532390939460527957e-01
3.790051219688956863e-01,-3.167579628076269582e+00
4.859291095668591964e-01,5.993312523253999657e-01
-1.890306029484705830e+00,-6.744179197652609048e+01
1.257713471695227625e+00,-6.165038323692338729e+00
-2.579876065993885970e+00,-1.291556378173246173e+02
-1.050810364202713565e+00,-2.317011001569218109e+01
-2.358867180455638479e+00,-1.096541093080853955e+02
1.488172162355731132e+00,-6.564452736018109746e+00
9.444044178487764896e-03,-2.532398062788779658e+00
-2.021513782455635067e-01,-2.656049856795752007e+00
-2.557839766265077586e+00,-1.294127459950258583e+02
-3.474216943573082972e-01,-6.816859448591212178e+00
-1.658933536034853606e+00,-5.353507024245217139e+01
-1.182145640331435210e+00,-1.867654629658130361e+01
-6.339119504248897918e-01,-7.327545215801209544e+00
1.239783892466619797e+00,-4.632558603730366542e+00
1.718178833237157477e+00,-4.142531036050375093e+00
-8.589834283883903687e-01,-1.293568772532260702e+01
1.020779108804296342e+00,-1.699552042923787809e+00
6.133871977186133861e-02,-8.057091250894657941e-01
1.026871564377415780e+00,-2.936688603314428825e+00
-1.018007571865408467e+00,-1.992367554321542400e+01
2.390517365662887528e+00,7.950080038100173496e-01
9.767520621968195371e-01,-2.731265143560402731e+00
-1.849215920710574057e+00,-6.105515202669717922e+01
4.509511509921462213e-01,2.050113118642098886e+00
1.496417285298780264e+00,-1.031635754110917347e+01
1.679551970235307223e+00,-2.235589700998801277e+00
-3.736106200036575231e-01,-2.706704787411778668e+00
-1.330123891286096205e+00,-3.665927743945926665e+01
6.961444991730396659e-01,4.038826329348612632e+00
1.379408035724916992e+00,-1.370570195191213259e+00
4.341087888018257956e-02,1.078436931968996149e+00
-1.892352942008929562e+00,-6.750513978921129876e+01
6.857648871986494754e-01,-2.964643605788404024e+00
1.562112408184122891e+00,-5.620647727478290889e+00
2.490086749203896943e+00,-4.581766310182267432e+00
2.966692989957894433e+00,8.114092630722707256e+00
-7.903245025930862866e-01,-9.798473811185875348e+00
1.833570661166804783e+00,-2.736302112546287191e+00
1.137216607808571034e+00,-2.231861412928480171e+00
2.837618771080245850e+00,1.767017541074066500e+00
5.260724218295731447e-02,-4.591648879059942456e-01
2.163849048478986958e+00,-6.444470552878112102e+00
2.427797473558168662e-02,-3.585594185117082500e-01
-1.270483508241968762e+00,-2.762920979937096178e+01
2.762295681103541511e+00,1.370365614944273336e+00
-1.295555383733243415e+00,-2.981893683730422850e+01
-1.136050600035495073e+00,-1.577734777909369157e+01
-2.641310887018284426e+00,-1.378973319630336505e+02
-2.997262353641817256e+00,-1.845992264276213177e+02
-9.506449075736296273e-01,-1.697633975448587762e+01
-1.375834003376365633e+00,-3.063377982963028501e+01
1.359203631324351846e+00,-1.566617041996062554e+00
-2.912101873845908351e+00,-1.731496834110138536e+02
2.349435178294485560e+00,-1.442896707362562037e+00
1.899107459515299468e+00,-4.130195525615000918e+00
2.457894612729178085e+00,-7.412002001340847634e+00
1.604843352407751667e+00,-9.064755743323079429e+00
9.450163338527834966e-01,-4.526333045851677284e+00
1.582766202774918085e+00,-4.878662571580012930e+00
2.278454031090856979e+00,-7.292741187251074564e+00
2.123006981378320113e+00,-1.053235619778261878e+01
-1.377120158348477341e+00,-3.556906444939242817e+01
2.713931506208856703e+00,-2.790167752675700164e-01
2.955876740560247740e+00,4.569342574056267203e+00
1.162002906382090472e+00,-2.656026318830435606e+00
6.786531420065404774e-01,-8.529163909778947339e-01
6.806052871635310808e-01,1.601759241175292336e-01
1.115172724436382268e+00,-3.387964370367432032e+00
2.438100391933563316e+00,-6.240345147417158067e+00
-1.144126359809177318e+00,-2.739080761651896978e+01
-5.961802986262498827e-01,-7.476076292075292784e+00
-1.104972865045262376e+00,-2.032082666037790375e+01
1.331568350974205117e+00,-5.941481575298553253e+00
-2.795634822240573136e+00,-1.594828349704715151e+02
-5.784940000632361468e-01,-4.548580432084834868e+00
-5.727634980858526959e-01,-1.744730626010070118e+00
-6.394459746175353843e-01,-3.904491160116786652e+00
4.112239615094663847e-01,-1.186152524204298953e+00
-1.527420007462157336e+00,-4.394442809034266872e+01
2.351095749719052108e+00,-5.485097466462124594e+00
-7.311250650451834865e-01,-9.797724441133608408e+00
2.746187300599191694e+00,1.279099778055293735e+00
2.582422951002917522e+00,-7.692282872502357094e+00
-9.138786313360656166e-01,-1.158719856252073654e+01
-7.872795771547860255e-01,-9.162877044133580284e+00
7.179400378031921548e-01,-1.900320985131713769e+00
-6.185581642322661722e-01,-6.193934918081630769e+00
-2.353260774227710961e+00,-1.082907645224791366e+02
-1.307920202427471423e+00,-3.066970820025771971e+01
-1.884360985245939535e+00,-6.079107869256628760e+01
-4.731627949595154092e-01,-8.919730612440815776e+00
2.341804785774191267e+00,-6.312455893393900119e+00
-1.917526812691172644e-01,-2.902721099781263803e+00
-2.723705230939953204e+00,-1.495059213861015621e+02
1.606604741408400372e+00,-4.602244570382587163e+00
2.165889071595890059e+00,-6.029331883203242093e+00
2.300409705149723649e+00,3.492379520595836340e-01
-4.890681581113147658e-01,-7.965819574884489107e+00
-1.228127383890447177e+00,-2.461322125452008791e+01
2.832125984399744389e+00,8.861001155000094442e-01
-7.198645986497851368e-01,-8.832358406754895697e+00
3.492348544117591658e-01,1.345955707508683652e-01
2.881626446845731770e+00,2.123180657637665725e+00
2.111443722507847731e+00,-7.659393748812894032e+00
2.348492464269404500e+00,-5.481808331980309923e+00
2.518092757706284601e+00,-6.107956208716273316e+00
1.264307608739795086e+00,-5.530623372058984799e+00
-1.039034151820273255e+00,-2.619765113361295761e+01
-1.868188710002841590e+00,-6.482470650460305706e+01
1.474905631605125222e+00,-7.520912876506772093e+00
4.383427803618911156e-01,-4.775893616796507146e-01
-2.497462333598001294e+00,-1.242455291229908880e+02
2.191385667755745281e+00,-2.479288245664200474e+00
-2.447210703919990848e+00,-1.167603465355161774e+02
2.068464244599780955e+00,-6.416669206945438297e+00
1.797801269997256313e+00,-2.311044495304786839e+00
2.873861185183747224e+00,-1.404748004575520071e-01
-1.344882540292819728e+00,-3.173073817327809465e+01
-2.841593865292839638e+00,-1.678317672347027383e+02
1.024835707573683585e-01,-2.177180575460074152e+00
2.600252761436714799e+00,-4.220981176011271430e+00
2.680652275737469559e+00,4.561052694227388571e+00
-8.763751552988718885e-01,-1.622805555347421702e+01
-6.496274821549850031e-01,-6.109421592788244482e+00
2.770404004884069238e+00,2.504817944435954402e+00
1.914594142124737886e+00,-1.744110946679366059e+00
2.632107160631814935e+00,-2.055531803733043006e+00
1.851417586684168448e+00,-9.828576501977114077e+00
6.080971621166408880e-02,-3.151859049026138226e+00
-2.170983021452986605e+00,-8.425068832087109172e+01
1.373872027451956690e-01,2.506586890120027000e+00
-2.459353505498212300e+00,-1.128344899042254781e+02
1.699754082185132020e+00,-8.132630726149656653e-01
1.251570084509495473e+00,-2.346253882898841514e+00
4.889472896383733058e-01,4.918421796628729137e-01
-8.577366185894375050e-01,-1.164183688979573184e+01
1.356700139649525738e+00,-7.823526991822488341e+00
-3.797620711318536735e-01,-4.325574776276291722e+00
-3.261478879306309864e-01,-2.728482925222275313e+00
6.764611204638941722e-01,2.153483433487354937e+00
6.638153927670487064e-01,-5.203164896815376750e+00
-1.693214102364768658e+00,-5.700564240774172475e+01
1.416452763174712359e+00,-8.364566869058807086e-01
-1.899367406448645434e+00,-6.430358956507184587e+01
1.773384934844576932e+00,-7.044920810027695879e+00
-1.279297226661166409e+00,-3.052134994295448323e+01
-1.593052590415133807e-02,-6.924896884920084261e-02
1.151797017132510703e+00,-7.651184723943095456e+00
-3.124049439993283883e-01,-5.049003510852122290e+00
-6.105601715184150180e-02,2.660473989100181846e+00
-2.475519638735693473e+00,-1.161353132480717818e+02
1.645774203964883498e+00,-5.700994287109271141e-01
-3.304181280623890160e-01,-1.388217273223000925e+00
3.129095205322900419e-01,4.344132572743819587e+00
-1.789693817575458423e+00,-6.242944583543918213e+01
9.698169105554410585e-01,-5.974202584835556884e+00
-2.632075932508621374e+00,-1.458978189026171606e+02
-1.928179269903123050e+00,-7.264656251694766809e+01
1.125445027444463619e+00,-8.377995001823679289e+00
1.205301305224441677e+00,-1.352834356125011572e+00
6.070547822653704628e-02,2.403515315697116517e+00
-1.650569031657930008e+00,-5.322858897624637109e+01
2.779575141505612024e+00,-3.913834519982540172e+00
-2.502366307570313975e+00,-1.192787583726115912e+02
-1.536722089738802755e+00,-3.831795040547475395e+01
1.736628129244389029e+00,-9.476947563102477545e+00
1.653341395273953296e+00,-4.781796707030793847e+00
5.371145274936695024e-01,4.542147870202963844e+00
1.406171808840657178e-01,1.373435011442264209e+00
-9.189097125127174692e-01,-1.067867648368224032e+01
-2.043362289794734998e+00,-7.730885126877087998e+01
8.709520568993891487e-01,-5.558169063142474053e-01
-5.987382246321697465e-01,-8.352149700927972376e+00
1.645497306990020725e+00,-1.193667814203949007e+01
-2.043046397342028087e+00,-7.916329840244469551e+01
-5.559245399332093385e-01,-9.424922272350972463e+00
7.430749667462626107e-01,2.574589605456991670e+00
-3.677382866811735873e-01,-7.613878112899389095e+00
-2.827490390092938899e+00,-1.623256826340190173e+02
2.380649943658497136e-01,7.909043939541288148e-01
-2.464883404537894229e+00,-1.162665659928624677e+02
-2.897450650809191508e+00,-1.712035882439394925e+02
-1.687162594404689520e+00,-4.505291031135496382e+01
-1.904526836942181278e+00,-6.496554841827030202e+01
1.387061064622456819e+00,-3.583054160518440945e+00
1.196802506075135497e+00,-2.557586051294455931e+00
1.744503345576076114e+00,-2.805386891071012911e+00
1.768911117720059600e+00,-1.046929822144291045e+01
2.713234233900331027e+00,-2.391767744589256672e+00
-3.008867994611499341e-01,-2.371132273073807806e+00
2.213683361857682108e+00,-7.705121591083960553e+00
8.583958560060533927e-01,-7.830018270567631333e-01
8.838742835378861074e-01,-6.845108435003914416e+00
-1.985872373596121232e+00,-6.710668267753854366e+01
2.249043821429123291e+00,-4.282777732290679040e+00
1.382397264114159974e+00,-3.967161179392386217e+00
6.664053078947023145e-01,-3.258892866156425594e+00
-1.270522882827887168e+00,-2.619641329484909775e+01
-1.453990165957770531e+00,-3.480858435077373514e+01
1.126920059564197274e+00,-4.244474866501704469e+00
1.877183441583086143e+00,-6.183588978444599427e+00
1.783242060534806939e+00,-1.015579380452048852e+01
-2.894052698967012560e+00,-1.702137130402001901e+02
2.364895060987244335e+00,-4.195325304359920793e+00
1.068811015154818023e-01,3.617625373563208235e+00
-1.696817197198497551e+00,-5.039323321674507383e+01
1.363239355047626056e+00,-4.926199155370172278e-01
1.627755896801373225e+00,-5.813075368545670862e+00
2.566168174304179317e+00,-1.665947764836577694e+00
-2.499981027448692217e-01,-2.405279193547103844e+00
6.716842585528581822e-01,-1.668553123816570727e-01
2.823276007493166873e+00,1.635555758859585929e-02
-4.389320074620397527e-01,-4.658763355094059477e+00
-2.257330227312833060e+00,-9.846311630090346512e+01
1.402539187088740924e+00,-1.075699445308663016e+00
1.927796581244659357e+00,-4.812862589998383456e+00
3.645358854954596772e-01,1.181998159330994058e+00
-2.148159581672297591e-01,-2.729859604181200439e+00
-1.607760543136987241e+00,-4.319664659805217610e+01
2.716457190167727020e+00,3.114572151843169601e-01
2.345825020952025497e+00,-2.936182678210712105e+00
-2.726567783130927403e+00,-1.501567916820232540e+02
-2.153692297520801269e+00,-8.616789608083759333e+01
-3.041085499830993299e-01,-4.525020163352190039e+00
5.074615772605493014e-01,-1.545417747808356834e+00
6.763443078918571771e-01,-1.909672138561328669e+00
-1.060894048182313032e+00,-1.516776664340361691e+01
-1.915380259304110266e+00,-6.695083061238486266e+01
-2.592792597766982343e+00,-1.281433815988145000e+02
2.220613523510449383e+00,-8.058283386182113261e+00
7.024965235057729629e-01,6.565526821699083637e-01
-8.478433057193006661e-01,-1.488601398270586706e+01
1.770524773718834766e+00,-4.886019525509216699e+00
1.786488867737789477e+00,-1.071293539213355572e+00
-8.139033339597512295e-02,3.971823655546590892e+00
1.679354600192237257e+00,-8.047167691443689819e+00
2.000369949455021334e+00,-3.772059359091751052e+00
-5.125110611234244828e-01,-3.056051871932721209e+00
-2.875358033028879490e+00,-1.688431913575309125e+02
1.251739430325166325e+00,-4.728036632043313148e+00
-1.376048582416891763e+00,-3.624650111235669669e+01
-1.751532566314125683e+00,-5.506543357036983366e+01
-1.824254174900802994e+00,-6.469411040550488678e+01
4.710834045488381250e-01,-3.147494049435439756e-01
-2.935143393758652408e+00,-1.764477883921032344e+02
1.797996126447529264e+00,-8.104383358179124031e+00
-3.390747562731162290e-01,-6.522483568223735872e+00
-1.184608799480035390e+00,-2.277469560581067753e+01
1.358098258071642306e+00,-4.764263897480648602e+00
2.902653077810661841e+00,-1.047813538438417957e+00
-8.692867059858713219e-01,-1.465610259421412742e+01
8.204202422125996819e-01,-9.119671009851526566e-02
-1.056686824368413768e+00,-2.190536552349910338e+01
6.706340138673017037e-02,1.402627007411377358e+00
-3.289870971062476279e-01,-2.374781701263125822e+00
1.535833404386599987e+00,-4.081531011788118057e+00
-1.502137797414789810e+00,-4.141036736462368850e+01
2.173793070039873321e-01,-9.828834500793106610e-01
-2.941576805274109141e+00,-1.746696095118637118e+02
1.823865753806215295e+00,-5.273146525849245592e+00
-8.472104865874476864e-01,-1.205915119578132710e+01
-3.742202441405892976e-01,-1.681587580052960051e+00
-1.383492105051224774e+00,-3.299867402614487588e+01
-1.971336095435539226e+00,-7.062286368320378926e+01
-1.645587963594203895e+00,-4.776707296727421692e+01
-3.456432588394551253e-01,-2.927763431641077663e+00
2.313444723120571922e+00,-6.571517968532400999e+00
9.647924456418679462e-01,4.910515732959956914e-01
-7.028596467179122342e-01,-8.698616155901301994e+00
-2.108606501115906973e+00,-8.405872925139932761e+01
1.181854147214739470e+00,-6.195849164137521292e-01
1.637036899167715553e+00,1.001783831305012029e-01
1.955564704841494361e+00,-8.752657319198561936e+00
-2.225471180894332157e+00,-9.306656117106659565e+01
-2.341555355319678622e+00,-1.011933183392351339e+02
5.704202698780553860e-01,-3.853332788899619388e+00
2.305709586267294497e+00,-4.746986343573436073e+00
1.280877071432797720e+00,-3.827935694965473701e+00
2.856021197684463608e+00,9.484800008096121449e-01
2.767224238233030320e+00,5.657609197636654486e+00
1.687539522801451142e+00,-3.124494325118046589e+00
-2.194625401664354047e+00,-9.099195568974936066e+01
-6.209614698381851206e-01,-1.162694396065062463e+01
1.145625042572259389e+00,-2.385563010878846146e+00
1.524423816282263644e+00,-7.433081194766785416e+00
1.198278054213671950e+00,-1.662861943656833930e+00
2.240398029904092425e+00,-6.105995120445575353e+00
2.202154534025683397e+00,-4.496853139917329933e+00
1.465162872399742966e+00,-3.310025948761197157e-01
-6.174846096158947972e-01,-5.248735893821788068e+00
-1.982805157794166551e+00,-7.325962668142804546e+01
-4.389170851142472074e-01,-4.597188843494611987e+00
-1.813184401244724686e+00,-6.220446765331849548e+01
-5.812873619605252173e-02,2.036474497910100823e+00
-1.456777662084072444e+00,-4.027277962411833556e+01
-2.105611017778859839e+00,-8.438486029853426373e+01
2.505061116570475477e+00,-7.104978913276855934e+00
1.331132635513565532e-01,8.493534290121258490e-01
1.698001968166572340e+00,5.791828090233774873e-02
2.096130309410349390e+00,-7.004948869813245160e+00
5.307818928664969071e-01,-8.574194501201379826e-01
1.425925042349862615e-01,-8.851201702229651858e-01
1.615691025643414491e+00,-4.922336364165583511e+00
-2.061850218964496939e+00,-7.785446056314306418e+01
-9.235540297499840179e-01,-8.226124872035169844e+00
2.037540929122133804e+00,-2.198482876888043780e+00
1.838810681480905984e+00,-5.146156941986978595e+00
-2.482132317036043645e+00,-1.227098690235195875e+02
2.479003915178057404e+00,6.874934067893718748e-01
-1.418835963761158725e+00,-3.421384133270444039e+01
4.092236525369550293e-01,-1.345906080120998105e+00
-1.697766051796421927e+00,-5.091367224932486124e+01
-2.544246669487049139e+00,-1.264362292884298711e+02
2.228407755876609109e+00,-1.731282937390756782e+00
1.302284976828881113e+00,-2.279802083897459752e+00
-2.631975927155032480e+00,-1.391152879345584950e+02
1.596027910431333297e+00,-4.029096488220669237e+00
1.349640065134500411e+00,8.110016585042600923e-01
2.462469134503555424e+00,-2.124526368105779106e+00
2.735780273402428797e+00,-6.120156614609945089e-01
2.543519322705642516e+00,-3.963126826580514628e+00
-9.422127751938442763e-01,-8.928802275127155852e+00
3.424068322775326578e-01,4.604009085358164555e+00
2.193111893831434678e+00,-7.872829781896296453e+00
-1.464649331169830315e+00,-3.628335562947286519e+01
1.622778594373218475e+00,-1.388919071138032812e+00
-1.641783347139416094e-01,1.609851938411966055e+00
-1.120379122833795371e+00,-2.354313527315138543e+01
-2.728841720539158189e+00,-1.491938106012168532e+02
5.158877689866763205e-01,-5.228753855400899653e+00
2.923497118155989227e+00,3.577798978599747937e+00
-2.299233763177921386e+00,-1.011660147406573884e+02
9.092655115389094433e-01,1.125640784621541712e+00
1.379655296546989263e+00,-4.899094376528879025e+00
7.950299788412840130e-01,-2.369782110580954448e+00
1.974262500608663373e+00,-1.245201625554138047e+00
2.509619939893994456e-01,3.633403349122272807e+00
-7.751257673492419897e-01,-1.295319778833471780e+01
-1.587398886220018124e+00,-5.140565991296406878e+01
1.133238872359733307e+00,-8.000291556490669365e+00
-7.791608477826281742e-01,-1.184293720176279230e+01
2.003692144615992987e+00,-6.067592421455206164e+00
4.852149135703238692e-01,8.609169849260078777e-03
-1.631161209898642550e+00,-4.525566291262005336e+01
-8.113909401592067638e-03,5.280985611499861676e+00
-2.659088519505002246e+00,-1.381038743557942325e+02
-2.532106651972066302e+00,-1.246540172707091472e+02
-1.409527893477431348e-01,-1.692795431855589339e-01
5.324094203099072331e-01,-4.002946110532437096e+00
2.870852784282501347e+00,5.775484356794885699e+00
-2.870358725456793714e+00,-1.683040457590203687e+02
-1.116073936776183162e+00,-1.931184646722234532e+01
-1.594664551567386290e+00,-4.904470407165510437e+01
-7.858953084713444781e-01,-1.239315795578730217e+01
-2.152271268208767019e+00,-9.188377973789833675e+01
-2.286155907017139111e+00,-1.004891494973380475e+02
-1.613149753171009282e+00,-4.150735050187376629e+01
-2.057531634867881820e+00,-8.096614903438985777e+01
6.217870283819726396e-01,-1.384139104181344448e+00
-2.991966555081493340e-01,-3.956847397209370953e+00
2.496911056742209922e+00,-2.221375450214169156e+00
2.299965126915549440e+00,-7.983067648554927231e+00
1.515392182293445522e+00,-6.526507956018340550e+00
1.472072213024411269e+00,-8.866381785727179832e+00
-2.704805351634647081e-01,5.971386853401931205e+00
3.587806791960064245e-01,-1.312730871012239175e+00
6.162169891511912745e-01,-7.238962133213256989e-01
2.598130005323056047e+00,-5.646791429764781434e+00
-1.450355959558493169e+00,-3.739684708404794833e+01
5.937190307830606528e-01,-9.207074299752389113e-01
2.750406245403786087e+00,-5.453287424135827344e+00
1.080703736936759363e+00,6.080117920894090311e+00
6.411576706230874834e-01,-1.496210365719147006e+00
-1.312068230569672922e+00,-3.188640167433434414e+01
-4.521475728731023658e-01,-2.397768021165769259e+00
4.893686634310423500e-02,-6.137863514630716999e+00
-2.298997806085997908e+00,-1.015024359258001851e+02
-1.097214214715784841e+00,-2.549275888119703026e+01
-1.180447078970079389e-01,-3.021866256926304395e+00
9.291154170136728396e-01,-3.163158313576003966e+00
2.724917193884604849e+00,-7.461735163582837949e+00
-2.881099842906963637e+00,-1.709718834144534014e+02
-3.047194860985040776e-01,-1.938866065994924393e+00
-2.579050138203534459e+00,-1.340078408778785501e+02
9.211800674281294121e-01,-1.189629938792371444e+00
-2.033259935327509815e+00,-7.770222945442037599e+01
-1.228208056477323229e+00,-2.285545861846212645e+01
2.750105559851840908e-01,7.814086207967829711e-02
1.636818018869318436e+00,-4.648310260616192124e+00
-5.635904251502186213e-01,-6.399725056909798759e+00
-1.557953850973913701e+00,-4.431583959327933542e+01
-1.260035003671297282e+00,-2.333677207238185147e+01
-3.782973042617951975e-01,-2.262832138268938031e+00
1.357584767638233991e+00,-3.165637946852265738e+00
2.293144314020061358e+00,-2.752300458620415391e+00
2.892850539433784007e+00,9.708457999191004717e+00
2.498418012582007464e+00,-5.697790711892339210e+00
2.754958029961014354e+00,4.768983735018508696e+00
-1.619383033283590123e-01,-4.133821394300923657e+00
-6.660556771176677771e-01,-9.000096006789938485e+00
-1.287842611510070512e-01,1.386174742914406899e+00
-6.679255747516279484e-01,-4.993648244345560983e+00
3.510884795643205436e-01,-1.795776819589581352e+00
5.508907841616035306e-01,3.856784365449160923e+00
-2.549983050366288140e+00,-1.254723525880331181e+02
2.979570356695140809e+00,1.251231793639552770e+01
1.514158848149897985e+00,-8.728667916264907234e+00
-1.530993374340813951e+00,-4.019092551809956149e+01
1.264140981350537984e+00,-4.888484288371143904e+00
2.863093714342458185e+00,1.738553786957340419e+00
-1.229345522157636594e-01,-7.031978168201616919e-01
-1.767279827417630012e+00,-5.812612341020340523e+01
3.581430122407924799e-01,2.155101350792247850e+00
-6.931450359984765441e-01,-8.885520026585931319e+00
1.045408579806322180e+00,-5.230472915403653111e+00
-2.183240640314764391e+00,-8.279971391245616985e+01
1.653471891520987391e+00,-5.304797051908598959e+00
-1.810278041067488797e+00,-6.493123229830352727e+01
1.317705971672614496e+00,-4.620814124740799222e+00
-2.686740562134652066e+00,-1.435964082460642430e+02
2.058464653009600909e+00,-6.734715338543140639e+00
-2.210235685455787191e+00,-9.308729006361748759e+01
1.222200239419875878e+00,4.867357497441897607e-01
-2.012423317104197196e-01,-3.092436282076389986e+00
-1.353220793470008676e+00,-3.384228571648081640e+01
4.869102365087014661e-01,-1.157817391765337156e+00
2.611165117834593374e+00,-2.847430349796349791e+00
4.149457570717984822e-02,-1.804072897515049290e+00
2.397900425418828974e+00,-3.748745505144162937e+00
2.111900530156791689e+00,-2.444864714862756472e+00
-9.059220396017719779e-01,-1.451447634912924300e+01
1.728549703581981234e+00,-5.235942866947338459e+00
1.385707760458688043e+00,-5.677330225424027432e+00
-1.719749645207278022e-01,-2.678876306296698928e+00
1.780144755073892249e+00,-1.021985535559462477e+01
1.452516211079831976e+00,9.624428823858819371e-01
-2.517649037616409124e+00,-1.245823793462610212e+02
2.105202582064721994e+00,-8.635122937692107925e+00
-4.444628228168996387e-01,-4.294969421369955853e+00
2.336391390916407573e+00,-5.256901315959125576e+00
2.362689498259097576e+00,-9.586075488484264717e-01
-4.852963304866557692e-01,-3.937072954572339079e+00
-1.831826073982450565e+00,-6.442158521021109152e+01
-1.422234109446649075e+00,-3.753967891108685251e+01
1.778666057837100745e+00,-8.531676155638379555e+00
-7.885538858191614153e-01,-1.218852532400094546e+01
2.289401878922669553e+00,-9.641143660667264470e+00
-8.799844867039494645e-01,-9.117749829539015138e+00
-2.038115908950846489e+00,-7.599920117796989416e+01
1.941427644589341028e+00,-5.472547840923107643e+00
-1.737978784334144322e-01,-3.568887229977144582e-01
1.327562253839748685e+00,-2.111828489660962038e+00
1.532110085802910859e+00,-7.515354794215304501e+00
-2.128878509522926343e+00,-8.451993785733694153e+01
1.318419425838801118e+00,9.572946189626936331e-01
-2.716359156513828754e+00,-1.431664578641916137e+02
6.059984851840298781e-01,-3.257586530206521225e+00
2.431893265728095166e+00,-5.241129274154413764e+00
-1.739965827115370178e+00,-5.565884801743480637e+01
9.300108820435761814e-01,-7.086005956702401853e+00
2.391904111323531090e+00,-6.032695268401987221e+00
2.081313511378809267e+00,-5.932617169907977051e+00
-2.255105718203507692e+00,-9.501204314874968304e+01
3.657832467602677440e-01,1.500014351503852206e-01
-2.222305020320709978e+00,-9.771339228548644940e+01
-9.768747419927281683e-01,-1.793107705216544900e+01
1.758452222585864533e-01,-1.748709559101247812e+00
2.019594165343818304e+00,-3.106615666280482024e+00
2.615998196293078948e+00,9.810859750534954848e-01
-2.848259278171001441e-01,-3.744731999124597976e+00
-1.066250594443617139e+00,-1.640999416976736569e+01
-1.554158779475719454e+00,-4.411641710471606359e+01
-2.085782202072882896e+00,-8.017900131857392410e+01
8.496814019723499811e-01,3.248450313998030303e+00
-2.064867507438149286e+00,-7.723302157824785752e+01
4.032168384087393420e-01,3.563404131927683238e-02
-8.321831215190895747e-01,-1.220017139398953887e+01
-2.650352984430807357e+00,-1.311994764155912208e+02
-1.451825711249640660e+00,-3.801104430734602602e+01
-7.614694707769138482e-01,-9.593231527083974086e+00
-2.218246232488794156e+00,-9.597878181051891033e+01
-1.346937486698057240e+00,-3.036623998292918714e+01
1.906385519304274467e-01,-5.208880382946707854e-01
4.517486487997621758e-01,3.256876196354086428e+00
-2.505790214398897042e+00,-1.248464154917953834e+02
-2.171675809686937964e+00,-8.657572204161283480e+01
-1.262105814843854645e-01,-4.216300030524780529e-01
-2.302411978801322867e+00,-9.990166222777693861e+01
-2.762259992158031530e-01,-4.638241980684583154e-01
1.784343456495957270e+00,-3.307527351382156588e+00
3.817563361336073768e-01,-1.742027718850862605e+00
-1.216997457699895424e+00,-3.167081679017726259e+01
4.665209802168446274e-01,3.083006664446025780e-01
-2.621174903224979147e+00,-1.334995665079312062e+02
-2.752395385898580571e-01,-5.344132133740165713e+00
1.405028388931570227e+00,-1.015137229354782011e+00
-1.683113496216921190e+00,-5.351717109501170455e+01
2.363419956810924205e+00,-3.774677235917839990e+00
9.177180419826109770e-01,-1.213623217192708381e+00
-2.790578555717581288e+00,-1.565664417355402520e+02
1.809803730467631766e+00,-1.588258704968660950e+00
-1.130449850054565664e+00,-2.602442201379615483e+01
1.120523104486771615e+00,-5.369621878440439922e+00
2.533564932034918726e+00,-3.976870241723168053e+00
6.751364300528219786e-01,6.266007838032392474e-01
-1.648382679028383313e+00,-5.126321025531368747e+01
1.176386039209527112e-01,4.552347661596209960e+00
2.868330249150375266e+00,3.119353144730104610e+00
-2.362328847233037266e-01,-1.781210768353084672e+00
-2.637913101933651028e+00,-1.390412816811181642e+02
2.142462819328990520e+00,-2.770742923042819772e+00
2.533660759779273519e+00,1.548206548170788288e+00
-2.065912776875948875e+00,-8.666520043512028337e+01
-2.292403648892996415e+00,-9.846846052018557316e+01
4.349252160875001216e-01,-2.605704734655126753e+00
9.296379114902233454e-01,-2.699372907322057369e-01
1.812589268079597637e+00,-5.270297569432043971e+00
5.409032764004373384e-01,1.250751277117081894e+00
-2.693785856491837549e+00,-1.449052954313175121e+02
1.970128999784215296e-03,-1.247935669951222737e+00
1.736995719308545461e+00,-3.290654074455555467e+00
2.148520922113904774e+00,-8.375132219493551133e+00
1.922718204117835228e+00,-1.621426101701964662e+00
-9.862563411237719180e-01,-1.525137623728988245e+01
7.073219560928842853e-01,-4.140790271351562524e+00
1.970119582263516911e+00,-1.079581677834223008e+01
2.325196127246499600e+00,2.171944018343952010e-01
-9.806043471309324744e-01,-1.760631879016218804e+01
-2.714537827445235862e+00,-1.503361582861247427e+02
7.517388187056566196e-01,2.228344065546197683e+00
-1.004478012917739083e+00,-1.774122036451142037e+01
-1.759298374213493998e+00,-5.455519733709977004e+01
-1.313508954607555346e+00,-3.049100910283143051e+01
-2.711319754686329908e-01,-1.762328496232860697e+00
-2.519966628545574405e+00,-1.221926168657740988e+02
-1.810319867209497335e+00,-5.703062218370794767e+01
-2.286662429453262035e+00,-1.052440044864368076e+02
6.873240344026898541e-01,-5.215314855475792211e-01
-2.928952722059374736e+00,-1.736428584509494613e+02
-1.462863448574284631e+00,-3.495123941322400896e+01
-2.189285537101212764e+00,-9.132777245535606880e+01
-2.526380819684065138e+00,-1.250247863594258035e+02
1.927278698411291735e+00,-8.340635319484814403e+00
-2.406335885379990991e+00,-1.168313637368552520e+02
2.198949258316636346e+00,-7.096092972565680057e+00
-1.373392486446970207e+00,-3.191392059608289600e+01
-3.408155522185740693e-01,-3.217444836619907544e+00
-7.951889314059554792e-01,-8.423573377907967341e+00
2.227771722971885637e+00,-7.055465397756961465e+00
2.168286361116954275e+00,-4.236005419808859251e+00
-3.824771022049429092e-01,-4.114079800376335250e+00
-1.901938089857477809e+00,-6.512600972779905817e+01
6.735369748672903611e-01,-2.501688078482341204e+00
1.257956825679597657e+00,-4.005669084724052809e+00
-7.418437047007842011e-01,-1.066686648864016185e+01
-1.572364774652354580e+00,-4.359253389131714584e+01
2.684007960844699170e+00,5.082181434648436635e+00
2.650095622200510093e-01,-3.041020789129581292e+00
-1.262675460349736989e+00,-2.576043012596139192e+01
-1.104327345729717580e+00,-2.379287057791436055e+01
1.368264462174129115e+00,-3.901999421145124103e+00
8.572940498319399083e-01,-1.987368272661673041e+00
1.530328995117907098e+00,-5.064534128886913678e+00
-1.366416708053530771e+00,-2.863948092204037366e+01
-8.565992220474858421e-01,-1.437625422413363729e+01
-1.443217668084112004e+00,-3.184930167589746119e+01
-4.030256854000717759e-01,-7.072159299179753944e+00
1.006576528196703180e+00,-1.836525011422124321e+00
8.428827917502568212e-01,-2.264142222607411270e+00
-1.260920470041258401e+00,-3.162354196720889377e+01
5.053556442632913814e-01,1.405903734234421609e+00
1.934653078645911961e+00,-7.961448561710947835e+00
1.807994269772583706e+00,-3.541974939116933729e+00
-1.689802218810102730e+00,-5.383109549585461195e+01
-2.838131485542643606e+00,-1.626157396999745117e+02
-2.150906230791246543e+00,-8.613032608505577059e+01
5.587828740285543105e-01,5.520395143562892848e+00
-2.732772496960602204e+00,-1.482740514114471466e+02
-2.609614856524905324e+00,-1.362542080021063953e+02
2.024363495284529080e+00,-1.083955615785287563e+01
-7.044209536056698084e-01,-9.914390275175728462e+00
-3.036746272714689887e-01,1.071286107999991355e+00
-2.765595611367375639e+00,-1.521240450197087455e+02
-1.913433841709574423e+00,-6.950591124745704974e+01
-2.698229250870668228e+00,-1.448205154018130827e+02
1.941142386566696132e+00,-4.366811971895650402e+00
-1.633377273087354142e+00,-4.869640451851736174e+01
2.018305334539281404e+00,-5.804687884702842915e+00
1.432250035960267454e-01,2.043655741541889892e-01
1.890657184886689102e+00,-5.756602565814204375e+00
-1.507524613822047721e+00,-3.757064399138161548e+01
-7.868819810181877372e-01,-1.889656565623596407e+01
5.707486727914599101e-01,-7.858730398780935822e+00
-1.358869690489401538e+00,-2.964556901191913596e+01
-1.386412079034587075e+00,-3.543548300994934408e+01
2.487604848852222439e+00,9.617954693094699081e-02
-2.812731512206011253e+00,-1.555024170734366464e+02
-8.214741185920759747e-02,-1.800128091504352490e+00
1.441212554859572670e+00,-5.165975076803285937e+00
-1.034288639200815263e+00,-1.601045275215187402e+01
2.529836373503815850e+00,4.780543447454008721e-01
-3.823350617294707376e-01,-2.460618277345127947e+00
2.126815411249094900e+00,-3.334509684154135734e+00
2.549465056672225671e+00,-3.478002579110904158e+00
1.208896923987214933e+00,-1.991940427297818506e+00
2.770383304467513241e+00,-3.579486524229300581e-01
2.701803683062076189e-02,2.394638378108143062e+00
1.878943675121876211e+00,-8.120650135300239825e+00
-9.178159523984570356e-01,-1.535224509326292797e+01
-1.585711467101377670e+00,-4.432120376596131450e+01
-1.742500077742786813e+00,-6.175186227748374534e+01
-9.394182653939577854e-01,-1.139385691131396250e+01
-5.710439293025322272e-01,-1.151548336584609622e+01
2.651028134838167460e+00,-2.073306396672488727e+00
9.764663588780475578e-03,-1.176318775392041660e+00
2.131619790085353294e+00,-6.205897560794333856e+00
1.622935789001694218e+00,-1.154156156069680783e+01
-1.653504295700116034e+00,-4.727390131737737988e+01
-1.614119524217239032e-02,9.985859539185946154e-01
1.090986047793047753e+00,-1.848025855375662552e+00
-1.813381610050983861e+00,-5.850626040747967949e+01
-5.758393523786597967e-02,3.568556199144371721e+00
-1.972783225991752820e+00,-7.264540057479273116e+01
1.903683089504768944e+00,-7.896884449634145930e+00
-2.127277234467905842e-01,1.220901545474550209e+00
-1.469304995490557264e+00,-4.178350977826220003e+01
-2.781013246742053191e+00,-1.569262310266198313e+02
5.283504738412991841e-01,-2.444384748235189697e+00
2.478363052039686210e+00,1.188337272593464888e-02
1.867355383535359792e+00,-6.177762643762726213e+00
2.119631928891112516e+00,-2.763350290360316652e+00
-4.997139614127910079e-02,1.482362517950922998e+00
-1.427098912675534903e+00,-3.931298551341748748e+01
1.864179473158772637e+00,-6.232842481051352301e+00
2.436710799063465771e+00,-6.816149831655154756e+00
-2.061814022402483459e+00,-8.456238652589247806e+01
1.559259539544484596e+00,-5.104417290225314652e+00
2.233925875325745380e+00,-8.450596189496387467e+00
2.280984271145660713e-01,2.478717796908236348e-01
4.029407221225032032e-01,-1.075685032817850217e-01
-6.379249652111598223e-01,-3.552233678561311336e+00
2.794266026569809824e+00,1.470873610398704123e-01
7.469140058580698849e-01,-2.419586236118418832e+00
6.562773984154119944e-01,-6.551758314118800719e-01
3.228441446682639437e-01,-2.674568954438295787e+00
-1.582928192301631398e-01,-7.229395834851339853e-01
-2.915859852430980670e+00,-1.725128771102928340e+02
-1.905841557763956029e+00,-6.831186287477012797e+01
-1.008639808860538167e+00,-2.205762706209830881e+01
-4.946963014971341721e-01,-7.717778481382424616e+00
7.526121654810542516e-01,1.651593269006860876e+00
5.806899606946775982e-01,-2.183855830902435180e+00
2.164255180420258995e+00,-5.875260775539861591e+00
-2.088841729419660176e+00,-8.388062980189742746e+01
1.203081624341351130e-03,-2.591218981889640727e+00
4.333503967122016576e-01,2.465674558566550711e+00
1.266252095359350349e+00,-9.094455027071052911e+00
-1.613972397149243676e+00,-4.277569077062348413e+01
8.138317803420846985e-02,9.104283329519503587e-01
-2.063141183514790367e+00,-7.710605223015147658e+01
5.995694058851723796e-01,-1.849742025131339895e+00
7.595055907852525934e-01,-4.280549230803089245e+00
2.596200984994031735e+00,-9.476370259914856931e+00
9.052182306178755411e-01,-3.471316398416224303e+00
-2.256300912533925285e+00,-9.492068521000976489e+01
6.705198097692655068e-02,8.233766485540272573e-01
1.162435364937033810e+00,-2.107471222506179576e+00
1.171116851358419808e+00,-6.123957260448037232e+00
2.707209840094972009e+00,-2.308418847358824966e+00
-2.926846067693160691e-01,5.741675044612075673e-01
6.473404066287535841e-02,-3.871648513652979684e+00
1.435790277879455346e+00,-8.258522554075304001e+00
-1.725410370605723331e+00,-4.915199708776840737e+01
1.917115363755570456e-01,2.405964873907220358e+00
2.560366585989588550e-01,3.367005367318035791e+00
2.777370776948811404e+00,-9.525820763520242984e-02
-8.259758630608420304e-01,-1.583147391655463920e+01
-2.458796902258515438e+00,-1.179652069002629275e+02
-1.804143141266553618e+00,-5.840309000454427490e+01
1.400589353302113871e+00,-7.468175236016993956e-01
-1.924010453849195557e+00,-6.308540406519422561e+01
-1.378699448396344618e+00,-3.499063245458114579e+01
2.986579346618082553e+00,7.392119768768020016e+00
7.230057340981588254e-03,-2.003629909485102001e+00
-1.533219627682548936e+00,-4.344744798525683649e+01
-9.671574808032863402e-01,-1.803651839920316391e+01
-2.698678924301799675e+00,-1.489559923799197065e+02
2.075621942578241175e+00,-9.167568226880588256e+00
-1.703783048933443123e+00,-4.542510879372402854e+01
-2.115697993330495130e+00,-8.670440540129965257e+01
1.091547202834513897e+00,2.381426567870473576e+00
4.582560704188178846e-01,-1.304792153801338728e+00
-1.828588122825616447e+00,-5.964136606840865085e+01
-4.553397016771905115e-01,-9.078382156094289002e+00
2.166834242618301154e+00,3.768729567926580870e-01
2.297910305863970493e-01,2.337736503072842531e+00
-9.441255125779042245e-01,-2.027601327069458392e+01
1.468320248105325909e-01,5.695489052921995921e-01
-1.068418148389819855e+00,-1.814544916269981911e+01
-2.694204907302291119e+00,-1.487785496328727106e+02
-2.268286227767249752e+00,-9.361097132002802823e+01
1.517446022686040230e+00,-5.742570750631857734e+00
-6.105401581011404843e-01,-7.563022812205335121e+00
8.897995267577654133e-01,-5.835367152825127413e+00
2.228331388922834222e+00,-6.269015334847924947e+00
3.012071452476736688e-01,4.189410948913667276e+00
-2.511403761259511036e+00,-1.230860261809190490e+02
1.744334292952992804e+00,-7.485033915853348319e+00
5.831031244130837621e-01,-3.011834687147105782e+00
1.267788678504514266e+00,-5.728902709435511831e+00
-2.877651787637513170e+00,-1.655600995173590775e+02
2.881399508124971476e+00,2.530482044155399013e+00
1.692563477933936689e+00,-8.808702894607051803e+00
-1.698623199487650393e+00,-4.873477342795522560e+01
3.292850673176190845e-01,6.013878053123095091e-01
-1.286893831986420933e+00,-2.447622922598147710e+01
-9.008318205257310751e-01,-9.665688543436155911e+00
2.293954056712562029e+00,-4.148394845312401991e+00
-7.967521327134563514e-01,-1.499664820733053183e+01
2.397997748835623888e+00,-5.998124016222249111e+00
9.794160026820097897e-02,3.107034930525968797e+00
3.072293113622488470e-01,2.932295436703486580e+00
-1.993595807719015234e+00,-7.383066851824602850e+01
2.930105515872694966e+00,6.483674516235750751e+00
1.963730414862998153e+00,-5.892898812499581140e+00
2.057435925130943311e+00,-1.099577635678818943e+01
8.600527371379520503e-01,4.362651605977734270e-01
-9.180418460287951277e-01,-1.583696369812572691e+01
-1.827485964025070908e+00,-6.080276573563215692e+01
-1.349314713277899314e+00,-3.377726543820443084e+01
2.618991933448772791e+00,3.520915847021122147e+00
1.816622302850097626e+00,-5.510404672699769080e+00
-2.862668670520349679e-01,-5.788322095057391259e+00
1.549510482718824633e+00,-5.633555617536466720e+00
-1.654702716748339908e+00,-4.368783630529460282e+01
1.849380558772687699e+00,-7.110002336568770787e+00
4.876884628634758911e-01,-2.368853448716777610e+00
2.285143480323149845e+00,-4.568137385031826980e+00
4.501278119019485047e-01,1.717629410882121066e+00
1.924248091347859457e+00,-4.836961381196727139e+00
-2.342169920223926560e-01,-3.432203911355569126e+00
2.765409129758864104e+00,1.809041701258353729e-01
7.879056308394805086e-01,-1.616233237787719990e+00
2.949233429629671832e-02,2.411544981898084750e+00
-2.621185367688501966e+00,-1.362897701182626520e+02
2.687418463679069447e+00,1.116035503574474230e+00
-2.464677227401911086e+00,-1.084792132950308030e+02
-5.166273877260181280e-01,-4.801474025562454173e+00
8.042312302656124956e-01,-1.510661352065088003e-01
-8.645738925710086953e-01,-1.321428435240300381e+01
-2.020700607751135358e+00,-7.868954099064771412e+01
1.064015669186780144e+00,5.982319085495912958e-01
5.980229470360631794e-01,-1.755584382877725336e+00
1.351896248968399661e+00,1.382770687348547689e+00
1.894986790347294559e+00,-7.414236116552750389e+00
-1.357792619220919761e+00,-2.769295668605870020e+01
7.533192244971198548e-01,-1.743222285781858893e+00
2.599488749707646207e+00,9.074173271377627970e-01
-2.980506613847824227e-01,-2.876209222986236380e+00
1.726800044037119619e+00,-9.875706980524334710e-01
-3.395965612201137240e-01,3.056702104462956093e+00
6.167983921626141175e-01,2.502655288907426612e-01
-6.701146807128028904e-01,-8.784988413244812833e+00
9.886293583164968979e-01,-2.460943277074981950e+00
1.335270565651258678e+00,-3.997047346976156490e+00
-4.185993589959284833e-01,-3.465251908514660251e+00
2.512184846227567547e+00,-1.434074023147569488e+00
-2.455400820526687511e-02,2.114249779818819341e+00
-1.840216791332137225e+00,-6.254752522376555390e+01
5.138077294133225337e-02,7.826135783584052819e-01
-1.034779316083422440e+00,-1.949892168231290768e+01
2.694853819625940616e+00,-1.801967436091048480e+00
1.341617847745409264e+00,-2.435361850992476818e-01
-1.384667261551014938e+00,-3.516450122285775848e+01
-1.590529742636812793e+00,-4.556133796372309774e+01
-1.104375502443628143e+00,-2.198503747607111336e+01
4.442087696368877126e-01,1.130365751298813004e-01
1.194611464314983884e+00,-4.938892108974476614e+00
1.981511894479615066e+00,-6.089765831823259035e+00
2.956012131903464457e+00,1.171951120144029801e+01
-2.320345061155050459e+00,-1.050258169763179552e+02
-2.614441784260170820e+00,-1.373472155463204558e+02
1.453598729455555016e+00,-2.248361604854622442e+00
-2.487075548349379606e+00,-1.249109715354332906e+02
-1.688109738118548808e+00,-5.028162494592834975e+01
2.461781502462503823e+00,-6.120588726761798881e+00
3.839848247072188414e-01,-2.633935209759843410e+00
-2.816814659697636891e+00,-1.654546687820741511e+02
-2.834712523154417241e+00,-1.610008527166996544e+02
1.830951834428651281e+00,-9.723247707531982087e+00
9.109619061574747434e-02,6.595845120357530789e-01
1.858054183759008993e+00,-7.356697309142749219e+00
-1.901882567260130719e+00,-6.406003434545948494e+01
2.525757849642474184e+00,-4.388410821697224407e+00
-1.923655334103009595e+00,-6.266512074333434867e+01
2.638203310065950546e+00,1.106312605921637271e+00
1.366804147667089353e+00,6.046478176414815664e-02
1.477401414555735037e+00,-8.564119876062001424e+00
1.390266107760408154e+00,-3.111770817356549479e+00
4.506190621233336913e-01,4.135333504240182201e+00
-1.030951079928024372e+00,-1.696447557027160613e+01
-6.416026718139553608e-01,-1.215078609980466240e+01
1.977035183891388215e+00,-1.047291469332784430e+01
1.081034158698361836e-01,-2.074663463535068697e+00
-7.378621491502990182e-02,-2.867050432744771449e+00
-1.399847971934021551e+00,-3.243180934848567887e+01
-1.284263688263707959e+00,-2.840628768558037720e+01
2.732617845589979666e+00,-4.842631402036505328e+00
1.461549176940633465e+00,-3.745509183685793886e+00
-8.438907189983630985e-01,-1.199064841570158535e+01
2.124580335245433993e+00,-4.181299145666062422e+00
2.914567167410856641e+00,2.639629251972534618e+00
2.937958439309703351e+00,1.329721753228243486e+00
2.057177064845150838e+00,-9.718511559070567074e+00
1.690594948240730311e+00,-4.957637953144840459e+00
-2.041932979156459993e-01,-6.527307668228202076e+00
1.404716225003113550e+00,-7.654613854485880609e+00
1.965962896209624944e+00,-3.144879799188239566e+00
-1.287488317223652423e+00,-2.639796542548337399e+01
-1.149003342970812858e+00,-2.173926590994283004e+01
1.602555065787399258e+00,-7.248149046165018206e+00
2.367913596492972061e+00,-6.099035547456814754e-01
1.241443872122150793e+00,-9.172424694726430516e+00
-8.085942543020960827e-01,-1.579140772301005136e+01
2.264650981087041437e+00,-6.136773734236175670e+00
-7.233957090578231330e-01,-8.608594268238595859e+00
-2.436652594573510022e+00,-1.195390044107312235e+02
2.958353672312365568e+00,7.149768051603148322e+00
1.294413108979411753e+00,-4.769056849815311416e+00
-1.634000643514889273e+00,-4.881319690012726653e+01
-2.405822117209082123e-01,-3.769563828734007860e+00
-8.009028167763738715e-01,-8.430220388718147717e+00
3.209411319843091803e-02,-2.544616930624592932e+00
2.694373768169169736e+00,-5.370056982111485411e+00
-2.858371238972598594e+00,-1.651675825163124216e+02
-2.151924534951908274e+00,-8.520754544075707315e+01
2.472793473678388310e+00,-2.948120875624992809e+00
2.891416254961965748e+00,-4.254178762300384165e+00
2.131234097714728826e+00,-4.353889999765401697e+00
-1.213854537340480544e+00,-2.778568455225568457e+01
-1.837610486854195813e+00,-6.497374757593806294e+01
-2.064084476917432909e+00,-7.745781306706226133e+01
1.752518492392440841e+00,-1.881724143466975363e+00
1.264242922510182332e+00,-6.967191523925377439e+00
4.315099245939091333e-03,-2.944770817277336250e-01
-2.181235509342663192e+00,-9.234316203402194390e+01
-6.769477185452625889e-01,-8.726500860285199224e+00
2.168062729514446119e-01,1.310160065541343677e-01
-8.373120365014576905e-01,-1.105417473033861242e+01
-2.103760797507096214e+00,-8.424000122462592799e+01
1.296086511500004868e+00,-8.378363005165109456e+00
-1.515513055189126046e+00,-3.980830192370824960e+01
2.352160296200644041e+00,-3.834820321282606859e+00
2.984985908310705760e+00,9.225652223059764623e+00
2.889846779049722869e+00,-3.351709174948660497e-01
-2.170279515983987384e+00,-8.859157427332695534e+01
-2.264603548223608875e+00,-9.233057531887773450e+01
-1.691737730911632598e+00,-5.228074169342001198e+01
-9.213315383921290014e-01,-1.293802957298460399e+01
-2.801099003991335046e+00,-1.572957684501546680e+02
-1.013361182775009306e+00,-1.674092341500832504e+01
-1.899606993845648573e+00,-6.832485921595548461e+01
9.825706112873371367e-01,-5.348960103751301709e+00
8.879654628706665775e-01,-5.739398295056408195e+00
-2.926809613913261998e+00,-1.780609321277722756e+02
-2.958628741266570827e+00,-1.786309419462219239e+02
-2.353889631461851817e+00,-1.027020953718171796e+02
2.152387453794707639e+00,-7.572923835764624911e+00
5.938850769854822076e-01,7.261848747774137802e-01
-2.459644992929291174e+00,-1.150781504685888450e+02
1.336683473769834762e+00,-9.054791587377934547e+00
1.774147745157983458e+00,-6.738807218056473758e+00
1.200159326795120052e+00,3.696377692657475400e-01
-2.096322436878221396e+00,-8.087844523742553804e+01
-1.448105225574974453e+00,-3.724988216288065956e+01
3.209384094716805080e-01,1.440400369115983237e+00
1.793852936146508092e+00,-6.234909880529405868e+00
3.278389649257196226e-01,4.326390350130843387e+00
-1.775251543685795186e+00,-5.585409871950729155e+01
-1.267883524052835664e+00,-2.916083741048137057e+01
2.024702951998669676e+00,-2.667621386777141446e+00
-1.497335776853131017e+00,-3.635530228415888843e+01
6.922091018270410956e-01,7.178781384006140964e-01
1.655356983035040308e+00,-3.782964956980979565e+00
-1.966521827997764538e+00,-7.240768741427530131e+01
-2.186089918437161828e-03,-1.247749700385038407e+00
-1.592523510282535248e-01,7.827990094160754975e-01
6.604944116276678656e-01,2.600501313170066719e+00
-2.604206614859325253e+00,-1.376600392380119899e+02
-2.016239565130373279e-01,-8.614639646179684807e-01
-5.938851053844000916e-01,-8.529819349634081505e+00
-2.020896816742192570e+00,-7.788096063362812060e+01
1.008821315245718608e+00,-5.557046101625663148e+00
-1.275956353933854093e+00,-3.267695641091942349e+01
-2.673214537091133547e+00,-1.453651941911594463e+02
1.978562973710570994e+00,-5.635690480305582284e+00
-1.028940321473221564e+00,-1.796793679869887939e+01
-4.482314253306283192e-01,-2.265590023134787856e+00
-4.646050827317091958e-01,-6.673703597649913277e+00
1.236491990957322429e+00,-6.883214965918841521e+00
2.933126202349775724e+00,3.502902505604331473e+00
-9.099229774879988852e-01,-5.752738697502376652e+00
1.896670407624250210e+00,-7.330119006866733677e+00
-8.032180851125483301e-01,-1.541292647064522292e+01
-1.304378048326808370e+00,-3.479831587430542328e+01
2.821293992221098890e-01,1.144585061679249005e+00
1.630237031348943155e+00,-1.527810843806707286e+00
-1.092798306243681683e+00,-2.248385443293987507e+01
-2.747985690122236591e+00,-1.468859496757886234e+02
-9.923732357529613246e-01,-1.977814229319013961e+01
2.527012512604224881e+00,-5.708660050136751707e+00
2.684762177228343205e+00,-1.642653532456457288e+00
-6.170870996323962743e-01,-4.053094381656160650e+00
-1.878958621534355000e+00,-6.583312307120610285e+01
1.606032627277178548e+00,-6.960044420023379530e+00
-1.194249675021804347e+00,-2.553927455751740538e+01
-1.567561900704283584e+00,-4.010681423114172617e+01
1.619262376648057611e+00,-4.080047213565157094e+00
8.836092696500159605e-01,-4.336974045835058078e-01
-1.904616708663944280e-01,-6.724398931440927818e+00
1.612227425400028835e+00,-6.243555122694209203e+00
-4.839544381433293907e-01,-4.057500205260529569e+00
2.067308309475767381e+00,-3.756255173241119572e+00
2.202475620967003778e-01,2.987767132138415604e+00
8.917628056919877366e-01,-5.364876492359081261e+00
-1.081551508729884814e+00,-1.745214949250548031e+01
3.484133910621016739e-01,-1.727183131055424870e+00
-9.405198719272207519e-01,-1.196083978604406362e+01
2.688331055119759228e+00,-6.677177059598419007e+00
2.873257543994451879e-01,2.836527783123406365e+00
6.788465297504817642e-01,1.488206590730268841e-01
-2.813605861508168715e+00,-1.532656932520262387e+02
1.678106460832380797e+00,-5.707781251989406890e+00
2.840795199840373542e+00,-4.426035804463900547e+00
1.535759037799678595e+00,-3.315366106420198022e+00
9.250815156955782825e-02,-8.597499151855432231e-01
8.968462826604080007e-01,-3.469062132922609010e+00
-2.194354599508383963e+00,-8.646836634766356156e+01
-1.592812380977269182e+00,-4.292003118717590837e+01
3.147101770345708260e-01,1.561836818461304954e+00
-2.921417395958831431e+00,-1.742479157762232944e+02
-1.138351170532298617e+00,-2.148979140774918406e+01
1.979533747050322923e+00,-8.037926234837300399e-02
-2.827357620946910011e+00,-1.538458455068706598e+02
-2.035865323687003681e+00,-7.782609432947937478e+01
